Contributor,DOI/URL,Title,Author,Journal,Publisher,Publication Year,Data Collected,Data Deposited (Federer et al.),DOI/URL of Data Deposit,Data Repository,DOI of Data Paper (other citations),Funding Source,Country of Study,Province/Municipality,Software Used,
Iriye,https://doi.org/10.1038/s40494-025-02085-z,"A GIS approach to the spatial organization and social structure of the Jiaojia cemetery, eastern China",Ziqi Li; Qingwei Meng; Xiaoning Lu; Ziyu Fang; Fen Wang; Zhongming Tang; Hao Wu,Heritage Science,Springer Nature NPJ,2025,Calibrated radiocarbon data; Archaeological surveys; Funerary object records; Biological data; Dendrochronological data; Geographic coordinates; ,Access restricted,None,Unknown,See references,Archaeological Talent Promotion Programme of China,China,Qinghai Province; Sichuan Province; Gansu Province; Ningxia Hui Autonomous Region; Inner Mongolia Autonomous Region; Shaanxi Province; Shanxi Province; Henan Province; Shandong Province,ArcGIS version unspecified,
Iriye,https://doi.org/10.1186/s40494-024-01258-6,Determination of the temporal–spatial distribution patterns of ancient heritage sites in China and their influencing factors via GIS,Xiaojia Li,Heritage Science,Springer Nature NPJ,2024,Geographic coordinates; Digital Elevation Model (DEM) data; National river data; Digital Elevation Model (DEM) data,Upon request,None,Unknown,See references,None (no external funding),China,Shandong Province,ArcGIS version 10.8,
Iriye,https://doi.org/10.1186/s40494-020-00455-3,Evaluation of metadata describing topographic maps in a National Library,Marta Kuźma; Albina Mościcka ,Heritage Science,Springer Nature NPJ,2020,Historical maps; Library metadata,In paper,None,Unknown,See references,Military University of Technology,Poland,,Millennium; 2019 Sierra (Innovative),
Iriye,https://doi.org/10.1186/s40494-024-01265-7,Emerging trends in GIS application on cultural heritage conservation: a review,Beibei Liu; Cong Wu; Weixing Xu; Yingning Shen; Fengliang Tang ,Heritage Science,Springer Nature NPJ,2024,WoS Core Collection bibliographic data,In paper,None,Unknown,See references,National Natural Science Foundation of China,Global,,CiteSpace; R,
Iriye,https://doi.org/10.1186/s40494-023-01044-w,Analysis of the relationship between the temporal and spatial evolution of henan grotto temples and their geographical and cultural environment based on GIS,Yu Li,Heritage Science,Springer Nature NPJ,2023,Census data; Geographic coordinates; Provincial data,In paper,None,Unknown,See references,None (no external funding),China,Henan Province,ArcGIS version 10.5 ,
Iriye,https://doi.org/10.1186/s40494-024-01299-x,Understanding climate risks to world cultural heritage: a systematic analysis and assessment framework for the case of Spain,Haisheng Hu; Richard J. Hewitt,Heritage Science,Springer Nature NPJ,2024,Historical climate data,In paper,None,Unknown,See references,None (no external funding),Spain,,R,
Iriye,https://doi.org/10.1038/s40494-025-01906-5,Circuit theory-based cultural heritage corridor network development in Qin River Basin,Zurui Lin; Bingjie Li,Heritage Science,Springer Nature NPJ,2025,National key cultural preservation units data; Provincial key cultural preservation units data; National traditional village data; Municipal cultural protection units data; Famous historical and cultural towns and villages data; Geographic coordinates; Satellite imagery; Topographic data; Landform data; Temperature data; Precipitation data; Satellite imagery,In paper and SI,None,Unknown,See references,National Natural Science Foundation of China,China,Shanxi Province; Henan Province,YaaHP; ArcGIS version unspecified,v
Iriye,https://doi.org/10.1186/s40494-021-00547-8,"Geotechnical modelling of the climate change impact on world heritage properties in Alexandria, Egypt",Sayed Hemeda,Heritage Science,Springer Nature NPJ,2021,2D advanced soil models; 3D advanced soil models,Other,None,Unknown,See references,None (no external funding),Egypt,,PLAXIS 2D ,
Iriye,https://doi.org/10.1186/s40494-021-00598-x,Temporal and spatial distribution of ancient sites in Shaanxi Province using geographic information systems (GIS),Litao Zhu; Zhengwei Li; Huimin Su; Xing Wang ,Heritage Science,Springer Nature NPJ,2021,Province census data; Archaeological survey; Excavation briefs geospatial data; Provincial data; Digital Elevation Model (DEM) data,Other,None,Unknown,See references,None (no external funding),China,Henan Province; Shandong Province; Jiangsu Province; Zhejiang Province; Hunan Province; Hubei Province; Shaanxi Province; Shanxi Province,ArcGIS version unspecified; ArcMap version unspecified; Google Earth,
Iriye,https://doi.org/10.1186/s40494-024-01183-8,A multiscalar methodology for holistic analysis of prehistoric rock carvings in Scotland,Tertia Barnett; Joana Valdez-Tullett; Linda Marie Bjerketvedt; Frederick Alexander-Reid; Maya Hoole; Stuart Jeffrey; Guillaume Robin ,Heritage Science,Springer Nature NPJ,2024,Photogrammetric data; 3D models,Repository,https://www.rockart.scot/rock-art-database; https://canmore.org.uk/collection/2219572,Scotland’s Rock Art Project; Canmore,See references,Arts and Humanities Research Council UK; Historic Environment Scotland,Scotland,,ArcGIS Desktop version 10.6; QGIS version 3.4.5-Madeira; MeshLab; Blender;,
Iriye,https://doi.org/10.1038/s40494-025-01689-9,Digital reconstruction and representation of the Sino-Korean Tribute Routes using Geographic Information Systems,Liquan Gong; Kelly Greenop; Cathy Keys; Chris Landorf,Heritage Science,Springer Nature NPJ,2025,Historical documents; Historical maps; Archaeological surveys; Geographic coordinates; Cost raster data; Digital Elevation Model (DEM) data; Temperature data; Land cover data; Climate data; Waterway data,Repository,None,Unknown,See references,None (no external funding),China; Korea,Liaoning Province,ArcGIS Pro version unspecified; OpenStreetMap,
Iriye,https://doi.org/10.1038/s40494-025-02062-6,Unlocking Cameroon’s geomaterials heritage via 3D AI-driven intelligence and NLP-based resource analysis,Pascal Muam Mah,Heritage Science,Springer Nature NPJ,2025,Geospatial coordinates; Mineral resource distribution data; Oral history data; Folklore accounts; Mining data; Architectural data; Cultural heritage site data; River data,Repository,https://www.zgtjnj.org/navisearch-2-0-3-1-sichuan-0.html; https://fr-sigm-online.hub.arcgis.com/; https://www.arcgis.com/apps/instant/sidebar/index.html?appid=7b96e149a80e4d528b365fe3e8fae037&utm_source=chatgpt.com ,"TJNJ (Statistical Yearbook); Système d'Information Géologique et Minière (SIGM) / Ministère des Mines, de l’Industrie et du Développement Technologique (MINMIDT)",See references,None (no external funding),Cameroon,,QGIS version unspecified; Blender,
Iriye,https://doi.org/10.1186/s40494-024-01194-5,Mapping landscape in Longshan period’s hierarchical society (3000–2000BCE) of North Loess Plateau: from archaeological predictive model to GIS spatial analysis,Jianxin Cui,Heritage Science,Springer Nature NPJ,2024,Digital Elevation Model (DEM) data,Upon request,None,Unknown,See references,"Major Project of the Key Research Base of Humanities and Social Sciences of the Ministry of Education, China; National Natural Science Foundation of China",China,Shaanxi Province; Shanxi Province,ArcGIS version 10.2,
Iriye,https://doi.org/10.1186/s40494-022-00749-8,"Immersive cultural heritage digital documentation and information service for historical figure metaverse: a case of Zhu Xi, Song Dynasty, China",Zhanling Fan; Chongcheng Chen; Hongyu Huang,Heritage Science,Springer Nature NPJ,2022,Historical documents; Bibliographic data,Upon request,None,Unknown,See references,National Key Research and Development Program of China; Leading Talents of Scientific and Technological Innovation in Fujian Province,China,Fujian Province; Jiangxi Province; Hunan Province,Pix4D; Pix4DMapper; Kolor Autopano Video Pro (AVP); Kolor Autopano Giga (APG),
Iriye,https://doi.org/10.1186/s40494-024-01387-y,Research on the construction of intangible cultural heritage corridors in the Yellow River Basin based on geographic information system (GIS) technology and the minimum cumulative resistance (MCR) model,Xiaobin Li; Rong Zhu; Chengyong Shi; Xueke Yang; Jizhou Chen; Kexin Wei,Heritage Science,Springer Nature NPJ,2024,Intangible cultural heritage list data; Remote sensing monitoring data; Digital Elevation Model (DEM) data; River data; Road data; Administrative units data,Upon request,None,Unknown,See references,National Social Science Art Program of China,China,Shaanxi Province,ArcGIS version 10.2,
Iriye,https://doi.org/10.1186/s40494-023-00976-7,GIS-based inventory for safeguarding and promoting Portuguese glazed tiles cultural heritage,Bertha Santos; Jorge Gonçalves; Pedro G. Almeida; Ana M. T. Martins-Nepomuceno ,Heritage Science,Springer Nature NPJ,2023,Georeferenced image data; Architectural surveys; Historical documentation,Upon request,None,Unknown,See references,None (no external funding),Portugal,,ArcGIS version unspecified,
Iriye,https://doi.org/10.3390/ijgi14100396,"Harnessing GPS Spatiotemporal Big Data to Enhance Visitor Experience and Sustainable Management of UNESCO Heritage Sites: A Case Study of Mount Huangshan, China",Jianping Sun; Shi Chen; Yinlan Huang; Huifang Rong;  Qiong Li,ISPRS International Journal of Geo-Information,MDPI,2025,GPS data; Point of Interest (POI) data; Boundary data; Road data; River data; Digital Elevation Model (DEM) data,Upon request,None,Unknown,None,Key Project of Anhui Provincial Department of Education,China,Anhui Province,Model Builder; ArcGIS Pro version 3.3,
Iriye,https://doi.org/10.3390/rs16010197,A Multisensory Analysis of the Moisture Course of the Cave of Altamira (Spain): Implications for Its Conservation,Vicente Bayarri; Alfredo Prada; Francisco García; Carmen De Las Heras; Pilar Fatás,Remote Sensing,MDPI,2024,Photogrammetric data; 3D models,Access restricted,None,Museo Nacional y Centro de Investigación de Altamira,None,"Department of Innovation, Industry, Tourism and Trade of the Regional Government of Cantabria",Spain,,QGIS version unspecified,
Iriye,https://doi.org/10.3390/rs15041087,Integration of Remote-Sensing Techniques for the Preventive Conservation of Paleolithic Cave Art in the Karst of the Altamira Cave,Vicente Bayarri; Alfredo Prada; Francisco García; Lucía M. Díaz-González; Carmen De Las Heras; Elena Castillo; Pilar Fatás ,Remote Sensing,MDPI,2023,Satellite data; 3D Terrestrial Laser Scanner (TLS) data; Unmanned Aerial Vehicle (UAV) photogrammetric data; Ground Penetrating Radar (GPR) data,Access restricted,None,Museo Nacional y Centro de Investigación de Altamira,None,"Department of Innovation, Industry, Tourism and Trade of the Regional Government of Cantabria",Spain,,Topcon Tools,
Iriye,https://doi.org/10.3390/rs15133315,"DIGITALESCAPE Project—Aerial Remote Sensing, HBIM, and Archaeology for the Preservation and Dissemination of the Cultural Heritage at Risk in the Sierra Sur and Sierra Morena Regions",Antonio J. Ortiz Villarejo; José M. Delgado Barrado,Remote Sensing,MDPI,2023,Digital Terrain Model (DTM) data; Light Detection and Ranging (LiDAR) data; Drone orthophotography; Synthetic Aperture Radar (SAR) data,Access restricted,None,Universidad de Jaén,None,"I+D+i;  El proyecto de las Nuevas Poblaciones de Sierra Morena y Andalucía en contexto europeo y comparado: ideas, reformas y proyección (PROSIMO); Department of Anthropology, Geography and History of Universidad de Jaén and University of Jaén",Spain,,QGIS version unspecified; Bentley Context Capture; Autodesk REVIT; SAILORE; RVT,
Iriye,https://doi.org/10.3390/rs17142395,Remote Sensing Archaeology of the Xixia Imperial Tombs: Analyzing Burial Landscapes and Geomantic Layouts,Wei Ji; Li Li; Jia Yang; Yuqi Hao; Lei Luo,Remote Sensing,MDPI,2025,Optical satellite remote sensing data; Satellite imagery; Satellite data,Upon request,None,Unknown,None,Construction of the China–Central Asia Human and Environment “Belt and Road” Joint Laboratory; Joint Research on Ancient Human Culture and Environment in the Sulh River Basin,China,Ningxia Hui Autonomous Region,ENVI 5.4,
Iriye,https://doi.org/10.3390/rs17081443,Assessing Stone Material Recession of Cultural Heritage: New Approach Based on Satellite-Based Rainfall Data and Dose-Response Functions—Case of UNESCO Site of Matera,Jianping Sun; Shi Chen; Yinlan Huang; Huifang Rong; Qiong Li,Remote Sensing,MDPI,2025,Satellite data; Rainfall data,In paper,None,Unknown,None,Piano Nazionale di Ripresa e Resilienza,Italy,,Google Earth Engine,
Iriye,https://doi.org/10.3390/rs15010053,An Algorithm to Detect Endangered Cultural Heritage by Agricultural Expansion in Drylands at a Global Scale,Francesc C. Conesa; Hector A. Orengo; Agustín Lobo; Cameron A. Petrie,Remote Sensing,MDPI,2022,Remote sensing data; Land cover data; Vegetation data; Archaeological surveys; Satellite imagery,In SI,https://www.mdpi.com/article/10.3390/rs15010053/s1; https://github.com/fconesa/AgriExp2022,MDPI; GitHub,https://doi.org/10.3390/rs15010053,"Beatriu de Pinós Fellowship; Juan de la Cierva-Incorporación Fellowship; Spanish Ministry of Science, Innovation and Universities; University of Cambridge; Arcadia Foundation",Spain,,Google Earth Engine; AgriExp; R,
Iriye,https://doi.org/10.3390/rs15051336,Glacial Archaeology in Northern Norway—The Island of Seiland,Gino Caspari; Torbjørn Preus Schou; Noah Steuri; Timo Balz,Remote Sensing,MDPI,2023,Remote sensing data; Glacial archaeology surveys; Light Detection and Ranging (LiDAR) data,In paper,None,Unknown,None,Swiss Young Academy of Sciences; Rolex Explorers Club Grant,Norway,,QGIS version unspecified,
Iriye,https://doi.org/10.3390/rs14215542,3D Point Cloud for Cultural Heritage: A Scientometric Survey,Su Yang; Shishuo Xu; Wei Huang,Remote Sensing,MDPI,2022,Thomson Reuters Web of Science (WoS) bibliographic data,N/A,None,Unknown,None,China Scholarship Council; Beijing Categorized Development Quota Project; Beijing University of Civil Engineering and Architecture Young Scholars’ Research Ability Improvement Program,Global,,CiteSpace,
Iriye,https://doi.org/10.3390/rs16162994,"Hydraulic Risk Assessment on Historic Masonry Bridges Using Hydraulic Open-Source Software and Geomatics Techniques: A Case Study of the “Hannibal Bridge”, Italy",Ahmed Kamal Hamed Dewedar; Donato Palumbo; Massimiliano Pepe,Remote Sensing,MDPI,2024,Light Detection and Ranging (LiDAR) data; Unmanned Aerial Vehicle (UAV) photogrammetric data; Digital Elevation Model (DEM) data,In paper,None,Unknown,None,None (no external funding),Italy,,Hydraulic Engineering Center’s River Analysis Simulation (HEC-RAS) v6.5.0; Cloud Compare v2.13.1; Autodesk AutoCAD v2024; QGIS version 3.30.2,
Iriye,https://doi.org/10.3390/rs15194781,Advancement in the Application of Geospatial Technology in Archaeology and Cultural Heritage in South Africa: A Scientometric Review,Charles Matyukira; Paidamwoyo Mhangara ,Remote Sensing,MDPI,2023,Scopus bibliographic data,Other,None,Unknown,None,None (no external funding),South Africa,,VOSviewer,
Iriye,https://doi.org/10.3390/rs17213632,Integrated Surveying for Architectural Heritage Documentation in Iraq: From LiDAR Scanner to GIS Applications,Gehan Selim; Nabil Bachagha; Dhirgham Alobaydi; Sabeeh Lafta Farhan; Aussama Tarabeih ,Remote Sensing,MDPI,2025,Archaeological surveys; Terrestrial Laser Scanner (TLS) data; Light Detection and Ranging (LiDAR) data,Upon request,None,Unknown,None,Endangered Wooden Architecture Programme (EWAP); Oxford Brookes University,Iraq,,Reality Capture 1.5; ReCap 2025; Autodesk AutoCAD/Revit 2025; ArcGIS version unspecified,
Iriye,https://doi.org/10.3390/rs17152709,"Monitoring Irish Coastal Heritage Destruction: A Case Study from Inishark, Co. Galway, Ireland",Sean Field; Ian Kuijt; Ryan Lash; Tommy Burke,Remote Sensing,MDPI,2025,Light Detection and Ranging (LiDAR) data; Uncrewed Aerial System (UAS) photogrammetric data; Satellite imagery; Historical maps,Upon request,None,Unknown,None,"John Tynan family, the Institute for Scholarship in the Liberal Arts, University of Notre Dame, the Office of Sponsored Research, University of Notre Dame",Ireland,,Pix4D; QGIS version 3.28,
Iriye,https://doi.org/10.3390/rs17132225,Machine Learning-Based Detection of Archeological Sites Using Satellite and Meteorological Data: A Case Study of Funnel Beaker Culture Tombs in Poland,Krystian Kozioł; Natalia Borowiec; Urszula Marmol; Mateusz Rzeszutek; Celso Augusto Guimarães Santos; Jerzy Czerniec,Remote Sensing,MDPI,2025,Satellite data; Meteorological data,Upon request,None,Unknown,None,Ministry of Science and Higher Education (Poland); AGH University of Krakow,Poland,,R,
Iriye,https://doi.org/10.3390/rs16122239,Highlighting the Use of UAV to Increase the Resilience of Native Hawaiian Coastal Cultural Heritage,Kainalu K. Steward; Brianna K. Ninomoto; Haunani H. Kane; John H. R. Burns; Luke Mead; Kamala Anthony; Luka Mossman; Trisha Olayon; Cybil K. Glendon-Baclig; Cherie Kauahi,Remote Sensing,MDPI,2024,Unmanned Aerial Vehicle (UAV) photogrammetric data; RTK-GPS data; Light Detection and Ranging (LiDAR) data; NAD83 High Accurarcy Reference Network (HARN) geographic coordinates; NAD83 High Accurarcy Reference Network (HARN) ellipsoid heights,Upon request,None,Unknown,None,National Aeronautics and Space Administration Award,United States,,Agisoft Metashape Software Version 1.8.4; CloudCompare Version 2.12.4; ArcGIS Pro version 3.2.2; NOAA SLR viewer Version 3.0.0,
Iriye,https://doi.org/10.3390/rs17132123,Spatial Reconstruction and Economic Vitality Assessment of Historical Towns Using SDGSAT-1 Nighttime Light Imagery and Historical GIS: A Case Study of Suburban Shanghai,Qi Hu; Shuang Li ,Remote Sensing,MDPI,2025,Historical documents; Historical maps; Satellite remote sensing imagery; Nighttime Light (NTL) data,Upon request,None,Unknown,None,National Natural Science Foundation of China,China,Jiangsu Province,HGIS,
Iriye,https://doi.org/10.3390/rs17193376,"Integrated Geomatic Approaches for the 3D Documentation and Analysis of the Church of Saint Andrew in Orani, Sardinia",Giuseppina Vacca; Enrica Vecchi,Remote Sensing,MDPI,2025,Terrestrial Laser Scanner (TLS) data; Light Detection and Ranging (LiDAR) data; Unmanned Aerial Vehicle (UAV) photogrammetric data; Close Range Photogrammetry (CRP) photogrammetric data,Upon request,None,Unknown,None,None (no external funding),Italy,,ConveRgo 2.05; Reconstructor 4.4.2; Agisoft Metashape Pro 2.1.0; CloudCompare 2.14.4,
Morrissey,https://doi.org/10.1186/s43238-023-00105-0,"Exploring visitors’ visual perception along the spatial sequence in temple heritage spaces by quantitative GIS methods: a case study of the Daming Temple, Yangzhou City, China",Kai Zhou; Wenting Wu; Tianjie Li; Xiaoling Dai ,Built Heritage,SpringerOpen,2023,In-situ survey; In-situ mapping; 2D Mapping data; Historical maps; Photographs; GPS data,In paper and SI,None,Unknown,See references,National Natural Science Foundation of China; Ministry of Education Humanities and Social Sciences Research Planning Fund,China,Jiangsu Province,ArcGIS version 10.2,
Morrissey,https://doi.org/10.1186/s43238-022-00048-y,"Architectural typology of rural housing in Jaen, Peru","Floiran Peña-Huaman, Diego Sifuentes-Rivera, Cristian Yarasca-Aybar ",Built Heritage,SpringerOpen,2022,Location data; Climate data; Architectural survey; Construction system data; Photographic records; Inhabitant interview data,N/A,None,Unknown,See references,None (no external funding),Peru,,ArcGIS version unspecified,
Morrissey,https://doi.org/10.1186/s43238-025-00212-0,Analysis of urban multifunctional land use in historical centres: the case of the Casbah of Algiers,Manel Souidi,Built Heritage,SpringerOpen,2025,Archival maps; City plans; Thematic vector maps; Multifunctional land use data,Upon request,None,Unknown,See references,None (no external funding),Algeria,,ArcMap version 10.2,
Morrissey,https://doi.org/10.1186/s43238-022-00071-z,Identifying visual sensitive areas: an evaluation of view corridors to support nature-culture heritage conservation in Chiang Mai historic city,Janjira Sukwai; Nobuo Mishima; Nattasit Srinurak ,Built Heritage,SpringerOpen,2022,Digital elevation model (DEM) data; Land cover data; Land use data; Building data,Upon request,None,Unknown,See references,JSPS KAKENHI,Thailand,,ArcGIS version 2.7,
Morrissey,https://doi.org/10.1016/j.daach.2023.e00262,"Geographic features recognition for heritage landscape mapping – Case study: The Banda Islands, Maluku, Indonesia",Muhamad Iko Kersapati; Josep Grau-Bové,Digital Applications in Archaeology and Cultural Heritage,Elsevier ScienceDirect,2023,Historical maps,Other,None,Unknown,See references,None (not listed),Indonesia,,ArcGIS Pro version unspecified,
Morrissey,https://doi.org/10.1016/j.daach.2025.e00402,"GIS, sight and sound. Exploring the rock art landscapes of the Santa Teresa Canyon (Baja California Sur, Mexico) as a case study",Natalia González Vázquez; Gabriel García Atiénzar; Neemias Santos da Rosa; María de la Luz Guti ́errez Martínez; César Villalobos; Margarita Díaz-Andreu,Digital Applications in Archaeology and Cultural Heritage,Elsevier ScienceDirect,2025,Visibility data; Sound propagation data,Other,None,Unknown,See references,Consejo Nacional de Ciencia y Tecnología (Mexico); Palarq Fundation; Artsoundscapes (ERC),Mexico,,QGIS version 3.30; ArcMap version 10.7; ArcGIS version 10.7; Sound Mapping Tools v. 4.4; ,
Morrissey,https://doi.org/10.1016/j.daach.2025.e00413,Leveraging GIS and SfM photogrammetry for monitoring and risk assessment of rock art sites,"Sánchez-Hernández Alfredo; Román Dídac; Javadi, Peyman; Domingo Inés",Digital Applications in Archaeology and Cultural Heritage,Elsevier ScienceDirect,2025,Photogrammetric survey data; Landscape photography; Aerial photography; Geospatial survey data; Orthophotography,Other,None,Unknown,See references,European Research Council; Spanish Ministry of Science and Innovation; FEDER,Spain,,ArcGIS Pro version 3.0.2; Agisoft Metashape Professional,
Morrissey,https://doi.org/10.1016/j.daach.2021.e00184,"The potential and problems of volumetric 3D modeling in archaeological stratigraphic analysis: A case study from Chlorakas-Palloures, Cyprus",Marina Gavryushkina,Digital Applications in Archaeology and Cultural Heritage,Elsevier ScienceDirect,2021,Spatial data; Photogrammetry models; Georeferenced orthophotography; Digital elevation model (DEM) data; Excavation data; Aerial photography; Annotated plan drawings; Annotated section drawings,Other,None,Unknown,See references,Leiden University Excellence Scholarship; LUF International Study Fund,Cyprus,,ArcMap version unspecified; XTools Pro v. 17; ArcScene version unspecified; PhotoScan Professional,
Morrissey,https://doi.org/10.1016/j.daach.2024.e00335,"Approach to the visual landscape of the Gor river megalithic necropolises (Granada, Spain)",Carolina Cabrero González; Antonio Garrido Almonacid; Juan Antonio Cámara Serrano,Digital Applications in Archaeology and Cultural Heritage,Elsevier ScienceDirect,2024,Digital terrain model (DTM) data; Landscape photography; Historical maps; Cultural site data,Other,None,Unknown,See references,"Universidad de Granada / CBUA; Consejería de Universidad, Investigación e Innovación de la Junta de Andalucía; ",Spain,,QGIS version 3.28.0,
Morrissey,https://doi.org/10.1016/j.daach.2024.e00358,The visual landscape of rock art in Qeydu Valley in Teymare in the Central Iranian Plateauv,Ebrahim Karimi,Digital Applications in Archaeology and Cultural Heritage,Elsevier ScienceDirect,2024,Petroglyph photography; Slope data; Site distribution data,Other,None,Unknown,See references,"University of Victoria BC, Canada Department of Graduate Studies",Iran,,ArcMap version 10.3,
Morrissey,https://doi.org/10.1016/j.daach.2024.e00319,Building a Mycenaean chamber tomb catalogue from terrestrial laser scan data,Ivan Gutierrez; Roderik Lindenbergh; Lisa Watson; Kim Shelton,Digital Applications in Archaeology and Cultural Heritage,Elsevier ScienceDirect,2024,Terrestrial Laser Scanner (TLS) data; Point cloud data,Other,None,Unknown,See references,"Ministry of Education and Research, Norway",Greece,,ArcGIS Desktop version 10.8,
Morrissey,https://doi.org/10.1016/j.daach.2023.e00293,Developing an interoperable cloud-based visualization workflow for 3D archaeological heritage data: The Palenque 3D Archaeological Atlas,Arianna Campiani; Scott McAvoy; Nicola Lercari; Rodrigo Liendo Stuardo; Gerardo Jiménez Delgado; Javier López Mejía; Dominique Rissolo; Falko Kuester,Digital Applications in Archaeology and Cultural Heritage,Elsevier ScienceDirect,2023,Geospatial data; 3D data; Light detection and ranging (LiDAR) data; Digital elevation model (DEM) data,Other,None,Unknown,See references,European Union’s Horizon 2020 research and innovation programme; Hellman Family Fellows Award; University of California Merced Hellman Fellows Award; Programa de Apoyo a Proyectos de Investigación e Innovación Tecnológica; Conacyt [Project Nr. CF-2019/682138],Mexico,,ArcGIS Pro version unspecified; QGIS version unspecified; SAGA; WhiteBox,
Morrissey,https://doi.org/10.3390/land13040536,Integrating Heritage and Environment: Characterization of Cultural Landscape in Beijing Great Wall Heritage Area ,"Ding He, Wenting Chen, Jie Zhang ",Land,MDPI,2024,Land cover data; Elevation data; Relief amplitude data; Slope data; Soil data; Digital elevation model (DEM) data; Military defense heritage data; Cultural heritage data;,In paper and SI,None,Unknown,See references,China National Natural Science Foundation,China,"Hebei Province; Beijing Municipality; (what's listed for specific study, but Great Wall spans 16 provinces)",ArcGIS version 10.3,
Morrissey,https://doi.org/10.3390/land13122116,A Study of Historic Urban Landscape Change Management Based on Layered Interpretation: A Case Study of Dongxi Ancient Town ,Xiaotian Ma; Junqiao Sun ,Land,MDPI,2024,Historical maps; Historical survey data,Combination,None,Unknown,See references,None (no external funding),China,Chongqing Municipality; Sichuan Province,ArcGIS version 10.8; AutoCAD2022,
Morrissey,https://doi.org/10.3390/land14091822,Assessment of Cultural Ecosystem Services in a National Park: Participatory Mapping in Latvia ,Aiga Spage; Madara Markova ,Land,MDPI,2025,Questionnaire data; Participant geolocation data; Photography,Combination,https://www.mdpi.com/article/10.3390/land14091822/s1,MDPI,See references,European Regional Development Fund (ERDF),Latvia,,ArcGIS Survey123 version unspecified,
Morrissey,https://doi.org/10.3390/land14081565,Spatial Distribution Characteristics and Cluster Differentiation of Traditional Villages in the Central Yunnan Region,"Tao Chen, Sisi Zhang, Juan Chen, Jiajing Duan, Yike Zhang, Yaoning Yang",Land,MDPI,2025,Administrative boundary data; Digital elevation model (DEM) data; Hydrographic data; Geographic coordinates; Historical trail data; Village attributive data,In paper,None,Unknown,See references,"Office of Philosophy and Social Sciences, Yunnan Province; Yunnan Provincial Basic Research Program; Scientific Research Fund of Yunnan Provincial Department of Education; Yunnan University Education and Teaching Reform Research; Yunnan Province Xingdian Talent Support Program—Young Talent Special Project",China,Yunnan Province,ArcGIS version 10.7,
Morrissey,https://doi.org/10.3390/land14061304,"Visual Storytelling of Landscape Change on Rathlin Island, UK ",Ying Zheng; Rebecca Jane McConnell; Zehan Zhou; Tom Jefferies; Greg Keeffe; Sean Cullen; Emma Campbell ,Land,MDPI,2025,Historical maps; Cartographic data; Cultural heritage site data,Other,None,Unknown,See references,Future Island-Island project,United Kingdom,,ArcGIS Field Maps version unspecified; Historical Environment Map Viewer; Environment Digimap; Google Maps; Google Street View,
Morrissey,https://doi.org/10.3390/land14071484,"Spatiotemporal Distribution and Heritage Corridor Construction of Vernacular Architectural Heritage in the Cao’e River, Jiaojiang River, and Oujiang River Basin ",Liwen Jiang; Jun Cai; Yilun Fan ,Land,MDPI,2025,Cultural site data; Preservation status data; Map coordinate data; Spatial attribute data,Upon request,None,Unknown,See references,"Major Project of the Later Stage Funding for Philosophy and Social Science Research of the Ministry of Education, China; National Natural Science Foundation of China",China,Zhejiang Province,Guihuayun; ArcGIS version 10.8,
Morrissey,https://doi.org/10.3390/land12020385,"Vulnerability Analysis of the Cultural Heritage Sites—The Roman Edifice with Mosaic, Constanța, Romania ",Andreea Andra-Topârceanu; Mihaela Verga; Mihaiu Eugen Mafteiu; Marius-Daniel Andra; Marian Marin; Radu-Daniel Pintilii; Giampietro Mazza; Donatella Carboni ,Land,MDPI,2025,Archeological plans; Geographical maps; Geological maps; Ortho-plans; Meterological data; Geoelectrical survey data; Topographical survey data; Geomorphological mapping; Topographic measurements; Elevation data; Digital elevation model (DEM) data,Upon request,None,Unknown,See references,None (no external funding),Romania,,QGIS version 3.4; ArcGIS version 10.6; Surfer 8,
Morrissey,https://doi.org/10.3390/land14051041,"The Use of Public Spaces in Traditional Residential Areas After Tourism-Oriented Renovation: A Case Study of Liu Xing Street in Yining, China ",Dilidaner Dilixiati; Simon Bell ,Land,MDPI,2025,Behavior mapping data; Geographic location data; Photography; Tourist demographics; Weather data; ,Upon request,None,Unknown,See references,None (no external funding),China,Xinjiang Autonomous Region,ArcGIS version 10.8,
Morrissey,https://doi.org/10.3390/land14030559,"Cultural Perception of Tourism Heritage Landscapes via Multi-Label Deep Learning: A Study of Jingdezhen, the Porcelain Capital ","Yue Cheng, Weizhen Chen ",Land,MDPI,2025,Weibo user ID data; Photography; Geographic coordinate data; Cultural site check-in records;  ,Upon request,None,Unknown,See references,None (no external funding),China,Jiangxi Province,ArcGIS Pro version 3.4.2,
Morrissey,https://doi.org/10.3390/land13091523,"The Influence of Urban Design Performance on Walkability in Cultural Heritage Sites of Isfahan, Iran ",Hessameddin Maniei; Reza Askarizad; Maryam Pourzakarya; Dietwald Gruehn,Land,MDPI,2024,Questionnaire data; Pedestrian flow data; Video; City planning maps; Historical maps; Satellite photography; Drawings; ,Upon request,None,Unknown,See references,None (no external funding),Iran,,ArcGIS version 10.3.1; AutoCAD 2010,
Morrissey,https://doi.org/10.3390/land12081530,Geospatial Tool Development for the Management of Historical Hiking Trails—The Case of the Holy Site of Meteora,Chryssy Potsiou; Charalabos Ioannidis; Sofia Soile; Argyro-Maria Boutsi; Regina Chliverou; Konstantinos Apostolopoulos; Maria Gkeli; Fotis Bourexis ,Land,MDPI,2023,Geospatial data; Crowdsourced information; Archival records; Expert knowledge; Agency-provided data; On-site survey data; Ground photography; Unmanned Aerial Vehicle (UAV) photogrammetric data; 360 degree photography; Cartographic base-maps; Orthophotography; Hiking trail data; Population data; Mountain peak data; Rock formation data; Cultural heritage site data; Land use data; Hydrological data; Transportation data; Vegetation data; Terrain data; Elevation data,Upon request,None,Unknown,See references,Hellenic Ministry of Environment and Energy,Greece,,ArcGIS Pro version 3.0,
Morrissey,https://doi.org/10.1038/s41598-025-20166-8,"Carrying capacity and strategic planning for sustainable tourism practices in the Char Dham from the Western Himalaya, India",Jagdish Chandra Kuniyal; Priyanka Maiti; Nidhi Kanwar; Rupesh Dhyani; Mahesha Nand ,Scientific Reports,Springer Nature,2025,Elevation data; Slope data; Vegetation data; Drainage data; Ecotourism site data; Snow covered area data; Climate data; Biodiversity data; Geodiversity data; Socio-economic data,Combination,None,Unknown,See references,None (no external funding),India,,ArcGIS version unspecified,
Morrissey,https://doi.org/10.1038/s41598-024-82201-4,"Cultural heritage site selection characteristics and the impact of the natural environment in Jinan city, Chin",Guanyu Wei; Gab-Soo Han; Xiaoxia Lang,Scientific Reports,Springer Nature,2024,Cultural heritage data; Coordinate data; Administrative division data; Elevation data; River data,Combination,None,Unknown,See references,None (not listed),China,Shandong Province,ArcGIS version 10.6,
Morrissey,https://doi.org/10.1038/s41598-025-13122-z,Toward a synthesis of Paleoamerican fluted point cultures in the Carolinas,I. Randolph Daniel Jr.; Albert C. Goodyear; Christopher R. Moore; David K. Thulman; Joseph E. Wilkinson ,Scientific Reports,Springer Nature,2025,Fluted point data; Photographs; Archaeological site data; Surface scatter data; County centroid data,Combination,https://zenodo.org/uploads/15717231; https://zenodo.org/records/15649452; https://zenodo.org/records/15651489; https://zenodo.org/records/15657459; https://zenodo.org/records/15659913; https://zenodo.org/records/15677754; https://zenodo.org/records/15678304; https://zenodo.org/records/15678461; https://zenodo.org/uploads/15291679 ,Zenodo,See references,East Carolina University; University of South Carolina,United States,,ArcGIS Pro version 3.1.3,
Morrissey,https://doi.org/10.1038/s41598-025-15357-2,Formulating sustainable planning for Goulan Yao Village based on the integration of cultural landscape gene theory and spatial analysis,Mengen Gu; Yajing Wang; Yang Wu; Yue Dai; Wei Fan,Scientific Reports,Springer Nature,2025,Environmental feature data; Architectural feature data; Customs data; Clan systems data; Dialect data; Religious belief data; Spatial distribution data; Remote sensing data,In paper,None,Unknown,See references,None (not listed),China,Hunan Province,ArcGIS version 10.8; DepthmapX 0.8.0,
Morrissey,https://doi.org/10.1038/s41597-025-05635-z,"Mapping the “Ghost Fleet of Mallows Bay”, Maryland with drone-based remote sensing",Elizabeth C. White; Alexander C. Seymour; Julian Dale; Everette Newton; David W. Johnston ,Scientific Reports,Springer Nature,2025,Drone collected regional-scale imagery; Drone collected map data; Drone collected video footage; Orthomosaics; Digital surface model (DSM) data; Digital elevation model (DEM) data,Repository,https://doi.org/10.7924/r4v12927x,Duke Research Data Repository,See references,National Geographic Society; Syracuse University,United States,,ArcGIS Pro version 2.0; ArcGIS Pro version 3.4.3; Pix4D SA 3.2.10; Pix4D SA 2.2.25,
Morrissey,https://doi.org/10.1038/s41598-025-90179-w,Investigating the spatial distribution and influencing factors of traditional villages in Qiandongnan based on ArcGIS and geodetector,Wenbin Xiao; E. Huang; Congcong Li; Heping Li ,Scientific Reports,Springer Nature,2025,"Cultural heritage site data; Coordinate data; Chronology data; Digital elevation model (DEM) data; Slope and elevation data; River system data; Road data; Population data; Urbanization level data, GDP data",Upon request,None,Unknown,See references,National Natural Science Foundation of China; National Key Research and Development Program Project “Digital Simulation and Evaluation Model for Spatial Reconfiguration of Village Settlements”,China,Guizhou Province,ArcGIS version 10.8,
Morrissey,https://doi.org/10.1038/s41598-025-10734-3,Research on the spatial distribution characteristics and influencing factors of sports intangible cultural heritage in the Guangdong-Hong Kong-Macao Greater Bay Area,Bochu Mo; Xinjie Zhang; Wanyi Chen; Rundong Zhou; Jie Zhang ,Scientific Reports,Springer Nature,2025,Sports intangible cultural heritage data; Administrative divisions data; Water systems data; Topographic data; Social statistics data; Basemap data;,Upon request,None,Unknown,https://www.nature.com/articles/s41598-025-10734-3/tables/3,National Social Science Foundation of China,China,Guangdong Province,ArcGIS version 10.8,
Morrissey,https://doi.org/10.1038/s41598-025-21166-4,"Reconstruction of Indigenous settlements in ecologically fragile areas through spatial distribution patterns and suitability in Xiaoliangshan, SW China",Yi-Won Addi; Mengran Li; Xinan Chen; Linlin Yao; Lin Zhu; Yuanli Liu; Heping Liao,Scientific Reports,Springer Nature,2025,Digital elevation model (DEM) data; Satellite imagery; Slope data; Hydrological network data; Road system data; Geological hazard data; Urban-rural planning documents; Land use data; Administrative village boundaries; Nature reserve data,Upon request,None,Unknown,See references,National Social Science Fund of China,China,Yunnan Province,ArcGIS version unspecified; ArcMap version 10.8,
Morrissey,https://doi.org/10.1038/s41598-025-09764-8,"Spatial–temporal distribution characteristics and influencing factors of immovable cultural heritage in Hubei, China",Wenyuan Zhang; Lihong Ma; Jiayu Xu; Yujie Peng,Scientific Reports,Springer Nature,2025,Cultural heritage site data; Administrative vector data; City boundary vector data; River water basin vector data; Map coordinate data; Socio-economic data,Upon request,None,Unknown,See references,"Natural Science Foundation of Hubei Province, China; Fundamental Research Funds for the Central Universities from Central China Normal University",China,Hubei Province,ArcGIS version 10.8,
Morrissey,https://doi.org/10.1038/s41598-025-15024-6,Spatial structure and influencing factors of agricultural civilization heritage in the Yellow River Basin,Huizhi Zhang; Fengyi Li; Jiahao Zhang; Hong Liang; Yingang Huangfu ,Scientific Reports,Springer Nature,2025,Cultural heritage site and item data; Digital elevation model (DEM) data; Road and river system data; Average Annual Temperature and GDP data; Population data; Urbanization level data; Night time light data,Upon request,None,Unknown,See references,"Natural Science Foundation of Shandong Province, China; National Natural Science Foundation of China",China,Heilongjiang; Nei Mongol; Jilin; Liaoning; Xinjiang Uygur; Beijing; Hebei; Tianjin; Gansu; Shanxi; Ningxia Hui; Shandong; Qinghai; Shaanxi; Henan; Jiangsu; Anhui; Xizang; Shanghai; Hubei; Sichuan; Chongqing; Zhejiang; Jiangxi; Hunan; Guizhou; Fujian; Yunnan; Guangxi; Guangdong; Hainan,ArcGIS Pro version 3.0.2,
Whalen,https://doi.org/10.3390/ijgi14070267,Visualising Spatial Dispersion in Cultural Heritage Data,Laya Targa; Esperanza Villuendas; Cristina Portalés; Jorge Sebastián,ISPRS International Journal of Geo-Information,MDPI,2025,Historical datasets; Historical georeferences,Access restricted,https://ceres.mcu.es,CER.es,See references,"State Programme to Promote Scientific and Technical Research and its Transfer under the State Research, Technical and Innovation Plan 2021–2023 for the Universitat de València project “Advanced visualisation of historical data through multidimensional maps and interactive graphics (ClioViz)”, funded by the Ministry of Science and Innovation (ref. PID2021-126777NB-I00) and in collaboration with the Ministry of Culture and Sport through a collaboration agreement (ref. BOE Resolution of 8 November 2023), of the Directorate General of Cultural Heritage and Fine Arts, which publishes the agreement with the Universitat de València",Global; GLAM application - 41 base reference countries emerged from Spanish museum database,,ArcGIS version unspecified; GeoNames; Nominatim; DOMUS,
Whalen,https://doi.org/10.3390/ijgi10100684,A Web GIS-Based Integration of 3D Digital Models with Linked Open Data for Cultural Heritage Exploration,Ikrom Nishanbaev; Erik Champion; David A. McMeekin,ISPRS International Journal of Geo-Information,MDPI,2021,3D digital cultural heritage models; 3D model metadata; Maps with geolocation; Raster imagery; Digital Elevation Model (DEM) data; Geospatial data,Combination,None,Amazon Elastic Block Store; MongoDB,See references,None (no external funding),Australia,,Web-GIS; QGIS version unspecified; PostGIS; Three.js; Openlayers6; Bootstrap 4; JQuery; KeystoneJS,
Whalen,https://doi.org/10.3390/ijgi14050190,"Spatiotemporal Distribution and Evolution of Global World Cultural Heritage, 1972–2024",Yangyang Lu; Qingwen Han; Zheng Zhang; Zhong Sun; Jian Dai,ISPRS International Journal of Geo-Information,MDPI,2025,UNESCO World Heritage List data; Digital Elevation Model (DEM) data; Topographical data; NASA annual precipitation data; forest cover data; river density data; LandScan socioeconomic data; GDP data; Road density data,Combination,None,Unknown,See references,"Humanities and Social Sciences Research Project of Henan Provincial Department of Education, China (Grant No. 2025-ZDJH-427) and the Philosophy and Social Sciences Planning Project of Henan Province, China (Grant No. 2024XWH00832)",Global; Global - 992 UNESCO World Heritage Sites,,ArcGIS version 10.8,
Whalen,https://doi.org/10.3390/ijgi9100604,Reconstruction of Lost Cultural Heritage Sites and Landscapes: Context of Ancient Objects in Time and Space,Lukáš Bruha; Josef Laštovicka; Tomáš Palatý; Eva Štefanová; Premysl Štych,ISPRS International Journal of Geo-Information,MDPI,2020,Archaeological data; 3D data; Digital Terrain Model (DTM) data; Photography; Images; Historical maps; Land surveys,Other,"None (links to supplementary materials: https://ths.li/1HOfvZ, https://skfb.ly/6RHZ8)",Unknown,See references,"Ministry of Culture of the Czech Republic, programme NAKI II, DG18P02OVV065: “Live map: Topography of History of Natural Sciences in the Czech Lands”",Czechia,,AutoCAD Civil 3D 2018; QGIS version 3.10; SketchUp Make 2017; GIMP 2.8; Lumion Pro 10.3.2; Theasys,
Whalen,https://doi.org/10.3390/ijgi9030177,Information Fusion for Cultural Heritage Three-Dimensional Modeling of Malay Cities,Norzailawati Mohd Noor; Illyani Ibrahim; Alias Abdullah; Ahmad Afiq Aiman Abdullah,ISPRS International Journal of Geo-Information,MDPI,2020,Aerial photography; Point cloud data; Terrestrial Laser Scannner (TLS) data; Land-use vector data,Other,None,Unknown,See references,Ministry of Higher Education (MOHE) on Trans-Disciplinary Research Grant Scheme (TRGS16-03-002-00002),Malaysia,,ESRI CityEngine; Agisoft photoscan,
Whalen,https://doi.org/10.3390/ijgi9070449,A CityGML Multiscale Approach for the Conservation and Management of Cultural Heritage: The Case Study of the Old Town of Taranto (Italy),Massimiliano Pepe; Domenica Costantino; Vincenzo Saverio Alfio; Maria Giuseppa Angelini; Alfredo Restuccia Garofalo,ISPRS International Journal of Geo-Information,MDPI,2020,Historical documents; Historical maps; 3D Cartography Computer-Aided Design (CAD) data; Digital Terrain Model (DTM) data; Geometric survey data,Other,None,Unknown,See references,None (no external funding),Italy,,ESRI ArcGIS CityGML version unspecified; Rhinoceros,
Whalen,https://doi.org/10.3390/ijgi10060357,An Unconventional Field Mapping Application: A Complete Opensource Workflow Solution Applied to Lithological Mapping of the Coatings of Cultural Heritage,Niccolò Iandelli; Massimo Coli; Tessa Donigaglia; Anna Livia Ciuffreda,ISPRS International Journal of Geo-Information,MDPI,2021,Historical archive data; Historical photography; Historical survey data; Thematic raster; Vector data; Computer-Aided Design (CAD) data; Drawings; Architectural survey data; Terrestrial Laser Scanner (TLS) data; Aerial photogrammetry; Terrestrial photogrammetry; Lithological survey data via organoleptic analysis and documentary analysis and technical analysis,Other,None,Unknown,See references,None (no external funding),Italy,,QGIS version unspecified; SIS,
Whalen,https://doi.org/10.3390/ijgi11050291,Preservation of Villages in Central Italy: Geomatic Techniques’ Integration and GIS Strategies for the Post-Earthquake Assessment,Fabio Piccinini; Alban Gorreja; Francesco Di Stefano; Roberto Pierdicca; Luis Javier Sanchez Aparicio; Eva Savina Malinverni ,ISPRS International Journal of Geo-Information,MDPI,2021,Technical documentation; Geometric data; Orthophotography; Point clouds from Light Detection and Ranging (LiDAR); Photogrammetric surveys; Terrestrial Laser Scanner (TLS) data; Building contours; Spherical images; Ground Control Points from Global Navigation Satellite System surveys; Digital Surface Model (DSM) data; Digital Terrain Model (DTM) data,Repository,https://zenodo.org/records/6398968; https://github.com/FabioPiccinini/pyvulnerability,Zenodo; GitHub,See references,“PROGRAMMA OPERATIVO REGIONALE DEL FONDO EUROPEO DI SVILUPPO REGIONALE POR FESR MARCHE 2014–2020”,Italy,,QGIS version unspecified,
Whalen,https://doi.org/10.3390/ijgi10090575,Integration and Analysis of Multi-Modal Geospatial Secondary Data to Inform Management of at-Risk Archaeological Sites,Rebecca Guiney; Elettra Santucci; Samuel Valman; Adam Booth; Andrew Birley; Ian Haynes; Stuart Marsh; Jon Mills,ISPRS International Journal of Geo-Information,MDPI,2021,Archaeological survey data; Hydraulic survey data; Flow accumulation data; Spatio-temporal analysis data; Precipitation data; Erosion data; Fitted regression models; Future climate projections; Archival aerial photography,Repository,https://github.com/Adam-Booth/Group3_Project,GitHub,See references,EPSRC grant number EP/S023577/1,United Kingdom,,QGIS version 3.16.5,
Whalen,https://doi.org/10.3390/ijgi12080325,A Multi-Level Grid Database for Protecting and Sharing Historical Geographic Urban Data: A Case Study of Shanghai,Shuang Li,ISPRS International Journal of Geo-Information,MDPI,2023,Historical geographic data; Historical geospatial data; Historical maps; Historical pictures; Historical aerial photography; Historical videos; Archaeological surveys; GPS data; Remote sensing images; Digital maps,Upon request,None,Unknown,See references,Shanghai Philosophy and Social Science Planning Youth Project (No. 2020ECK004); National Natural Science Foundation of China; Shanghai Chenguang Project (2020),China,Shanghai,China Historical Geographic Information System (CHGIS); ArcGIS version 10.7,
Whalen,https://doi.org/10.1016/j.culher.2024.04.007,Regional implementation of coastal erosion hazard zones for archaeological applications,Benjamin D. Jones; Ben Collings; Mark E. Dickson; Murray Ford; Daniel Hikuroa; Simon H. Bickler; Emma Ryana,Journal of Cultural Heritage,Elsevier ScienceDirect,2024,Archaeological data; Mean high water data; Light Detection and Ranging (LiDAR) data; Bathymetric data; Coastal wave data; Historical coastal change data; Coastal landform classification data,Other,https://github.com/bmcollings/calc-CEHZ.git,GitHub,See references,"PhD Scholarship to Benjamin Jones through Coastal Programme of Resilience to Nature’s Challenges National Science Challenge, Kia Manawaroa – Nga Akina o Te Ao Turoa",New Zealand,,ArcGIS version unspecified; QGIS version unspecified; R suite ,
Whalen,https://doi.org/10.1016/j.culher.2023.07.009,"Proposition for the graphic representation, interpretation and evaluation of the degree of terrain resolution in virtual reconstructions",Irene Cáceres-Criadoa; Paula Triviño-Tarradas; José Manuel Valderrama-Zafrac; Diego Francisco García-Molinac,Journal of Cultural Heritage,Elsevier ScienceDirect,2023,Digital Terrain Model (DTM) data; Topographic elevation data,Other,None,Unknown,See references,None (not listed),Spain,,Google Earth; AutoCAD 3D; QGIS version unspecified; Blender GIS,
Whalen,https://doi.org/10.1016/j.culher.2021.01.012,Spatial risk assessment and the protection of cultural heritage in southern Tajikistan,Marco Nebbia; Federica Cilio; Bobomullo Bobomulloev,Journal of Cultural Heritage,Elsevier ScienceDirect,2021,Satellite imagery; Archaeological maps; Computational threat assessments,Other,None,Unknown,See references,Arcadia Fund for the Central Asian Archaeological Landscapes (CAAL),Tajikistan,,QGIS version unspecified; R statistic package; Arches; Google Earth,
Whalen,https://doi.org/10.1016/j.culher.2021.11.001,Interactive HGIS platform union of lublin (1569): A geomatic solution for discovering the Jagiellonian heritage of the city,Jakub Kunaa; Jacek Jeremicz; Dagmara Kociubac; Rafał Niedzwiadek; Krzysztof Janus; Jacek Chachajf,Journal of Cultural Heritage,Elsevier ScienceDirect,2021,Written sources; Historical cartographic materials; Contemporary cartographic materials; Historical iconographic materials; Contemporary iconographic materials; Historical architectural documentation; Historical archaeological documentation; Inventories; Field measurements,Other,https://teatrnn.pl/unia-lubelska,HGIS Lublin,See references,None (not listed),Poland,,HGIS; ArcGIS version unspecified; QGIS version unspecified; Google Maps API; SketchUp; Unity; CORELDraw; Adobe Photoshop,
Whalen,https://doi.org/10.1016/j.culher.2022.02.005,Old buildings need new ideas: Holistic integration of conservation-restoration process data using Heritage Building Information Modelling,Katja Malovrh Rebec; Boris Deanovič; Laurens Oostwegel,Journal of Cultural Heritage,Elsevier ScienceDirect,2022,Conservation plan text; Conservation plan images; Photogrammetric point cloud data; Building Information Modeling (BIM) models; Geodetic survey data,Other,None (link to supplementary materials yields PDF of signed proofreading acknowledgement),Unknown,See references,European Commission InnoRenew project (Grant Agreement No. 739574) under Horizon2020 Widespread-Teaming program; Slovenian Research Agency (research core funding No. P2-0273),Slovenia,,Autodesk Revit; Blender,
Whalen,https://doi.org/10.1016/j.culher.2021.11.011,A different view on (world) heritage. The need for multi-perspective data analyses in historical landscape studies: The example of Schokland (NL),Rowin J. van Lanen; Roy van Beek; Menne C. Kosian,Journal of Cultural Heritage,Elsevier ScienceDirect,2021,Cultural data; Archaeological data; Cultural-historical data; Intangible heritage data; Spatial data; Historical maps; Topographical data; Geoscientific data; Elevation models,Other,None,Unknown,See references,"JPI-CH (Call: Heritage in Changing Environments) funded project ‘WETFUTURES’ (Wetland Futures in Contested Environments: an inter- and transdisciplinary approach to wetland heritage in the Netherlands, United Kingdom and Ireland)",The Netherlands,,HGIS,
Whalen,https://doi.org/10.1016/j.culher.2025.10.015,A multi-scale stratigraphicsingle bond HBIM-GIS method for the characterization of structures in heritage sites,Elena López-Ortiz; Iván García-Jiménez; Jianfei Dong; Paloma Pineda,Journal of Cultural Heritage,Elsevier ScienceDirect,2025,Aerial photography; Point cloud data; Photogrammetric data; Heritage Building Information Modeling (HBIM) tri-dimensional models; Archaeological data; Architectural data; Historical data; Geographic data; Geologic data; Paleogeographic data,Other,None,Unknown,See references,"Research project for the building-structural works proposal (retrofitting/repair/restoration/strengthening) of the Punta Paloma aqueduct (Chorrera bridge section) Archaeological Ensemble of Baelo Claudia, National Historic Monument, listed as “Bien de Interés Cultural” (2022), REF: 4581/0922",Spain,,Rhinocerous 7; Revit 2023; QGIS version 3.34.2; Blender 4.2; Blender BIM; Arches,
Whalen,https://doi.org/10.1016/j.culher.2022.10.009,Coupling electrical resistivity methods and GIS to evaluate the effect of historic building features on wetting dynamics during wind-driven rain spells,Laura López-González; Miguel Gomez-Heras b; Raquel Otero-Ortiz de Coscaa; Soledad Garcia-Morales; Rafael Fort,Journal of Cultural Heritage,Elsevier ScienceDirect,2022,Point measurements with moisure metre; Electrical Resistivity Tomography (ERT) data; Point hygrothermal measurements; Digital Elevation Model (DEM) data; Monoscopic photogrammetric point cloud data,Other,None,Unknown,See references,"Top Heritage (P2018/NMT-4372) programme from the Regional Government of Madrid (Spain); Grants “PIC2020–116896RB-C21”, “PIC2020–116896RB-C22” funded by MCIN/AEI/ 10.13039/501100011033",Spain,,PhotoModeler Scanner 6.2.2.596; ArcGIS version unspecified,
Whalen,https://doi.org/10.1016/j.culher.2022.03.012,ART-RISK 3.0 a fuzzy—based platform that combine GIS and expert assessments for conservation strategies in cultural heritage,M. Moreno; R. Ortiz; D. Cagigas-Muñiz; J. Becerra; J.M. Martin; A.J. Prieto; M.A. Garrido-Vizuete; J.M. Macías-Bernal; M.J. Chávez; P. Ortiz,Journal of Cultural Heritage,Elsevier ScienceDirect,2022,Geotechnical data; Precipitation data; Rain erosion data; Thermal stress data; Frost data; Seismicity (earthquake) data; Flood data; Built environmnent data; Design data; Construction data; Population growth data; Heritage data; Occupancy data; Maintenance data; Conservation data; Ventilation data; Fire risk data,Other,None,Unknown,See references,Universidad Pablo de Olavide/CBUA,Spain,,ART-RISK 3.0; GRASS®7.6,
Whalen,https://doi.org/10.1016/j.culher.2021.05.006,Scan to BIM for the digital management and representation in 3D GIS environment of cultural heritage site,Massimiliano Pepea; Domenica Costantinoa; Vincenzo Saverio Alfioa; Alfredo Garofalo Restuccia; Nicola Massimiliano Papalino,Journal of Cultural Heritage,Elsevier ScienceDirect,2021,Terrestrial Laser Scanner (TLS) data; Photogrammetric data; 3D point cloud models; Historical data; Architectural survey data; Restoration data; Photography,Other,None,Unknown,https://doi.org/10.1016/j.compenvurbsys.2019.101453; https://doi.org/10.5194/isprsarchives-XL-5-W4-367-2015 ,PON “Ricerca e Innovazione” 2014-2020 A. I.2 “Mobilità dei Ricercatori” D.M. n. 407-27/02/2018 AIM “Attraction and International Mobility” (AIM1895471 – Line 1),Italy,,Rhinoceros 7; AutoDesk Revit; Rhinoceros 7 Inside Revit; MeshLAB; Computer-Aided Design (CAD); Cloud Compare; Grasshopper,
Whalen,https://doi.org/10.3390/su17219619,"Sustainable Heritage Tourism in Transition: Policy, Space, and Authenticity in a UNESCO World Heritage Site",Qiang Wang; Pengfei Ma; Yake Wang,Sustainability,MDPI,2025,Geospatial data; Remote sensing data; Point of Interest (POI) data; Multi-temporal high-resolution satellite imagery; Vector cartographic datasets; Building footprint geometries; Administrative policy document data; Primary empirical data collected through in-depth semi-structured interviews; Data generated from systematic content analysis of media discourse,Combination,None,Unknown,See references,2025 Zhejiang Province Philosophy and Social Sciences Planning Project (grant number 25NDJCO13YB); 2025 Zhejiang Provincial Department of Science and Technology “Pioneer Leading Eagle + X” Science and Technology Program (grant number 2025C02042),China,Shanxi Province,ArcGIS version 10.8; Baidu Maps; Gaode Maps,
Whalen,https://doi.org/10.3390/su162310188,"A Study on the Spatial, Structural, and Cultural Differentiation of Traditional Villages in Western Henan Using Geographic Detectors and ArcGIS",Yipeng Ge; Yang Liu; Yueshan Ma; Zihan Qin; Qizheng Gan; Nan Li,Sustainability,MDPI,2024,Traditional Village Evaluation and Recognition Index System data; Digital Elevation Model (DEM) data; Road data; Water system data; GDP data,Combination,None,Unknown,See references,"Henan Provincial Philosophy and Social Sciences Planning Project: “Research on the Evolution of Residential Forms and Contemporary Community Construction Strategies in Western Henan from the Perspective of ‘Situation←Relationship→Space’”, Funding Number: 2023BSH005; October 2023–October 2024; Funder: Henan Provincial Philosophy and Social Sciences Planning Office.; Henan Provincial Soft Science Project: “Research on the Interaction Mechanism and Development Strategy between Urban Cultural Space and Virtual Space in Luoyang”; Funding Number: 242400411144; February 2024–February 2025; Funder: Henan Provincial Department of Science and Technology.; National Social Science Fund General Project: “Research on the Mechanisms, Methods, and Strategies for the Protection and Renewal of Traditional Villages through Fractal Thinking”; Funding Number: 21BGL258; July 2021–Present; Funder: South China University of Technology",China,Henan Province,ArcGIS version 10.8; Geodetector,
Whalen,https://doi.org/10.3390/su16208979,"Spatial Distribution Characteristics and Influencing Factors of Tangible Cultural Heritage in Henan Province, China: A Watershed Perspective",Qingtao Bai; Mingcan Gao; Hongyi Lyu; Lujia Zhang; Jiamin Zhang,Sustainability,MDPI,2024,Cultural heritage preservation data; Elevation data; Slope data; Hydrological data; Economic data,Combination,None,Unknown,See references,Major Project of Basic Research on Philosophy and Social Sciences in Universities of Henan Province grant number 2023-JCZD-30; General Research Fund of Philosophy and Social Sciences of Henan Province University Scheme grant number 2025-ZZJH-354,China,Henan Province,ArcGIS Pro version 3.0,
Whalen,https://doi.org/10.3390/su17010271,"Spatiotemporal Evolution Characteristics and Causative Analysis of Toponymic Cultural Landscapes in Traditional Villages in Northern Guangdong, China",Jun Li; Yao Xiao; Jiangyu Yan; Chen Liang; Haiyan Zhong,Sustainability,MDPI,2025,Traditional village toponyms; Census data; Geographical coordinates; Digital Elevation Model (DEM) data,Combination,None,Unknown,See references,Major Project of the National Social Science Fund of China (Grant No. 19ZDA201); Regular Project of the “14th Five-Year Plan” for the Development of Philosophy and Social Sciences in Guangzhou for 2024 (Grant No. 2024GZQN24),China,Guangdong Province,ArcGIS version unspecified,
Whalen,https://doi.org/10.3390/buildings15162962,A GIS-Based Common Data Environment for Integrated Preventive Conservation of Built Heritage Systems,Francisco M. Hidalgo-Sánchez; Ignacio Ruiz-Moreno; Jacinto Canivell; Cristina Soriano-Cuesta; Martin Kada,Sustainability,MDPI,2025,Semantic data; Geometric data; Digital Elevation Model (DEM) data; Light Detection and Ranging (LiDAR) data; Raster data; Point cloud data,Combination,None,Unknown,See references,University of Seville grant for the International Mobility of predoctoral students from the VII Research Plan (VIIPPIT-US) entitled “Estancias Breves en España y en el extranjero para beneficiarios de contratos predoctorales (PIF) para el desarrollo del programa propio de I+D+i de la US. Convocatoria 2023 (Grant number: VIIPPIT-2023-EBRV)”; University of Seville pre-doctoral contract granted to Francisco M. Hidalgo-Sánchez (Grant number: VIPPIT-2020-IV.3); “Ayudas para la revisión de idiomas (inglés) de artículos científicos del IUACC (Grant number: 2025_INT_REV-ART_IUACC)”,Spain,,PostgreSQL 15.5 RDBMS with PostGIS 3.4 extension; ArcGIS Pro version 3.3.2; QGIS version 3.28.8; ArcGIS Online version unspecified; WAB; Experience Builder; ArcGIS Server version 11.3,
Whalen,https://doi.org/10.3390/su17073113,A Framework for Mapping Urban Spatial Evolution: Quantitative Insights from Historical GIS and Space Syntax in Xi’an,Dawei Yang; Xiaodong Liu,Sustainability,MDPI,2025,Historical spatial data; Historical documentation; Historical maps,Combination,None,Unknown,See references,None (no external funding),China,Shaanxi Province,HGIS; Space Syntax,
Whalen,https://doi.org/10.3390/su17115014,Evaluating Resource Endowments and Optimization Strategies for Traditional Riverside Villages in Shaanxi: A Yellow River Cultural Perspective,Xinshi Zhang; Yage Wang; Hongwei Huang; Shenghao Yuan; Rui Hua; Ying Tang; Chengyong Shi,Sustainability,MDPI,2025,Field survey data; Questionnaire data; Historical data; Cultural data; Ecological data; Economic data; Geospatial data,Combination,None (broken link to supplementary materials: https://www.mdpi.com/article/10.3390/su17115014/su17115014/s1),Unknown,See references,Research Project of Art Science of Shaanxi Province (SYG2024019) and Chinese Universities Scientific Fund (2452025075),China,Shaanxi Province,GIS version unspecified,
Whalen,https://doi.org/10.3390/su16010385,"The Protection of Urban Spatial Structures in Historic Cities: A Multi-Actor Perspective of the Cultural Space Construction in Fuzhou, China",Longying Huang; Shuhu Liu; Zhen Kang,Sustainability,MDPI,2024,Historical documents; Historical maps,In paper,None,Unknown,See references,China National Nature Science Foundation grant number 51778145; China National Nature Science Foundation grant number 52308054,China,Fujian Province,ArcGIS version unspecified,
Whalen,https://doi.org/10.3390/su17219398,Railway Architectural Heritage in Jilin Province: Spatiotemporal Distribution and Influencing Factors,Rui Han; Zhenyu Wang,Sustainability,MDPI,2025,Multi-source spatio-temporal data; Raster remote imagery (satellite/aerial); Digital Elevation Model (DEM) data; Hydrography data; Railway heritage records; Historical structural records; Historical maps; Population data; Land use data; Tourism data,In paper,None,Unknown,See references,Key Science and Technology Project of Jilin Provincial Department of Education (JJKH20240370KJ),China,Jilin Province,ArcGIS version 10.8; Citespace 6.4R1; SPSS 29,
Whalen,https://doi.org/10.3390/su17156870,"Heritage GIS: Deep Mapping, Preserving, and Sustaining the Intangibility of Cultures and the Palimpsests of Landscape in the West of Ireland",Charles Travis,Sustainability,MDPI,2025,Historical accounts; Archaeological accounts; Climatological accounts; Literary Texts; Folklore accounts; Digital Elevation Model (DEM) data; Light Detection and Ranging (LiDAR) satellite photogrammetry; Aerial photogrammetry,In paper,None,Unknown,See references,"University of Texas, Arlington’s Charles T. McDowell Center for Global Studies Supplemental Faculty Research Grant",Ireland,,ArcGIS Pro version 3.4.3; ArcGIS Map Viewer version unspecified; ArcGIS StoryMaps version unspecified; MAXQDA 24; Google Maps,
Whalen,https://doi.org/10.3390/su142113735,"Study on the Spatial Distribution Characteristics and Influencing Factors of Famous Historical and Cultural Towns or Villages in Hubei Province, China",Qi Wang; He Bing; Siqi Wang; Qing Xu,Sustainability,MDPI,2022,National and provincial Chinese Famous Historical and Cultural Towns data; National and provincial Chinese Famous Historical and Cultural Villages data; Socio-economic development data; GPS coordinates; Geographic data; Geospatial data; Digital Elevation Model (DEM) data,N/A,None,Unknown,See references,"National Social Science Foundation Art Project of China, ‘Value Interpretation and Synergy of Rural Planning in China’s World Heritage Cultural Landscapes Sites’, Grant Number 21BH167; research on the heritage value of Chinese Famous Historical and Cultural Districts in Wuhan based on the conservation of the Urban Historical Landscape; Hubei Construction Science and Technology Program Project ‘Research on the heritage value system of Wuhan’s Famous Historical and Cultural Districts based on the conservation of the Historical Urban Landscape’",China,Hubei Province,ArcGIS version 10.5,
Whalen,https://doi.org/10.3390/su142315831,Assessment of Sustainable World Heritage Areas in Saudi Arabia Based on Climate Change Impacts on Vulnerability Using RS and GIS,Rasha H. Ramadan; Mona S. Ramadan; Ibtesam I. Alkadi; Haya M. Alogayell; Ismail Y. Ismail; Nesren Khairy,Sustainability,MDPI,2022,Remote sensing satellite imagery; Raster GeoTIFF temperature data; Raster GeoTIFF humidity data; Raster GeoTIFF precipitation data,Other,None,Unknown,See references,"Princess Nourah bint Abdulrahman University Researchers Supporting Project number (PNURSP2022R243), Princess Nourah bint Abdulrahman University, Riyadh, Saudi Arabia",Saudi Arabia,,ArcGIS version 10.5; Snap; ENVI 5.1,
Whalen,https://doi.org/10.3390/su152416685,Study on the Spatial Distribution Characteristics and Influencing Factors in the Reuse of National Industrial Heritage Sites in China,Yunxing Zhang; Meiyu Yang; Ziyang Li; Weizhen Li; Chenchen Lu; Zhigang Li; Haidong Li; Feifei Zhai,Sustainability,MDPI,2023,National Industrial Heritage site list data; Map data; Digital Elevation Model (DEM) data; Annual precipitation data; River spatial data; Tourism data; GDP data; Industrial production data; Urban environmental infrastructure data; Environmental regulation data,Upon request,None,Unknown,See references,Fundamental Research Funds for the Universities of Henan Province (SKJZD2023-05); Young Backbone Teacher Foundation of Henan Polytechnic University (2022XQG-05); 2023 Jiaozuo Municipal Government Decision Making Research (Research on the Countermeasures of Jiaozuo City to Promote Urban Renewal),China,Heilongjiang; Nei Mongol; Jilin; Liaoning; Xinjiang Uygur; Beijing; Hebei; Tianjin; Gansu; Shanxi; Ningxia Hui; Shandong; Qinghai; Shaanxi; Henan; Jiangsu; Anhui; Xizang; Shanghai; Hubei; Sichuan; Chongqing; Zhejiang; Jiangxi; Hunan; Guizhou; Fujian; Yunnan; Guangxi; Guangdong; Hainan,ArcGIS version 10.8; Google Earth; Excel 2016,
Whalen,https://doi.org/10.3390/su13073881,When GIS Joins the Conservation Management Plan of a 20th-Century Architectural Heritage,Andrea Garzulino; Maria Paola Borgarino; Davide Del Curto ,Sustainability,MDPI,2021,Aerial photography; Cartographic data; 3D data; Digital Terrain Model (DTM) data; Digital Surface Model (DSM) data; Digital Elevation Model (DEM) data,Upon request,None,Unknown,https://doi.org/10.5194/isprsannals-II-5-W1-283-2013,Getty Foundation Keeping ISA Modern project 2018–2020 funded by the Keeping It Modern grant initiative [Grant no. R-ORG-201839332],Cuba,,QGIS version unspecified,